{"stats":{"minecraft:picked_up":{"minecraft:stick":5,"minecraft:crafting_table":1,"iceandfire:dragonbone":31,"iceandfire:fire_lily":1,"minecraft:leather":2,"minecraft:acacia_log":18,"iceandfire:dragon_skull_fire":1,"minecraft:dirt":9,"minecraft:wheat_seeds":2,"minecraft:beef":5,"minecraft:brick_stairs":3,"minecraft:bricks":2,"minecraft:mutton":2,"minecraft:acacia_sapling":3,"minecraft:white_wool":2},"minecraft:killed":{"minecraft:sheep":2,"minecraft:cow":2},"minecraft:custom":{"minecraft:time_since_rest":13084,"minecraft:sprint_one_cm":52134,"minecraft:damage_taken":130,"minecraft:walk_one_cm":25042,"minecraft:mob_kills":4,"minecraft:drop":3,"minecraft:damage_dealt":390,"minecraft:interact_with_crafting_table":1,"minecraft:swim_one_cm":1201,"minecraft:fly_one_cm":120554,"minecraft:open_chest":1,"minecraft:crouch_one_cm":2433,"minecraft:play_one_minute":13084,"minecraft:sneak_time":884,"minecraft:walk_under_water_one_cm":469,"minecraft:jump":475,"minecraft:interact_with_blast_furnace":1,"minecraft:leave_game":2,"minecraft:time_since_death":13084,"minecraft:walk_on_water_one_cm":1007,"minecraft:fall_one_cm":17725},"minecraft:mined":{"minecraft:acacia_leaves":142,"treechop:chopped_log":11,"minecraft:crafting_table":1,"minecraft:grass":12,"minecraft:acacia_log":19,"minecraft:grass_block":4,"minecraft:sand":4,"minecraft:dirt":5,"iceandfire:fire_lily":1,"minecraft:tall_grass":4},"minecraft:crafted":{"minecraft:crafting_table":1,"minecraft:stick":4,"minecraft:wooden_axe":1,"minecraft:acacia_planks":12},"minecraft:dropped":{"minecraft:acacia_sapling":3},"minecraft:used":{"minecraft:wooden_axe":19,"minecraft:dirt":9,"minecraft:beef":5,"minecraft:crafting_table":1,"iceandfire:fire_lily":1}},"DataVersion":2586}