{"stats":{"minecraft:picked_up":{"minecraft:wheat_seeds":1,"minecraft:dirt":9},"minecraft:custom":{"minecraft:jump":109,"minecraft:time_since_rest":2886,"minecraft:crouch_one_cm":625,"minecraft:play_one_minute":2886,"minecraft:leave_game":1,"minecraft:sprint_one_cm":7562,"minecraft:damage_taken":20,"minecraft:time_since_death":2886,"minecraft:walk_one_cm":2263,"minecraft:sneak_time":346,"minecraft:fall_one_cm":4213,"minecraft:fly_one_cm":24733},"minecraft:mined":{"minecraft:tall_grass":4,"minecraft:grass":8,"minecraft:grass_block":4,"minecraft:dirt":5},"minecraft:used":{"minecraft:dirt":9}},"DataVersion":2586}