{"stats":{"minecraft:custom":{"minecraft:time_since_rest":14601,"minecraft:sprint_one_cm":58211,"minecraft:damage_taken":160,"minecraft:walk_one_cm":30679,"minecraft:mob_kills":5,"minecraft:drop":3,"minecraft:damage_dealt":696,"minecraft:swim_one_cm":1201,"minecraft:interact_with_crafting_table":1,"minecraft:fly_one_cm":121203,"minecraft:open_chest":1,"minecraft:play_one_minute":14601,"minecraft:crouch_one_cm":2523,"minecraft:sneak_time":941,"minecraft:walk_under_water_one_cm":469,"minecraft:jump":479,"minecraft:interact_with_blast_furnace":1,"minecraft:leave_game":5,"minecraft:time_since_death":14601,"minecraft:walk_on_water_one_cm":1007,"minecraft:fall_one_cm":17725},"minecraft:picked_up":{"minecraft:stick":5,"minecraft:crafting_table":1,"iceandfire:dragonbone":31,"iceandfire:fire_lily":1,"minecraft:leather":2,"minecraft:acacia_log":18,"iceandfire:dragon_skull_fire":1,"minecraft:dirt":9,"minecraft:wheat_seeds":2,"minecraft:beef":5,"minecraft:brick_stairs":3,"minecraft:acacia_sapling":3,"minecraft:mutton":2,"minecraft:bricks":2,"minecraft:white_wool":2},"minecraft:dropped":{"minecraft:acacia_sapling":3},"minecraft:mined":{"minecraft:acacia_leaves":142,"treechop:chopped_log":11,"minecraft:crafting_table":1,"minecraft:grass":12,"minecraft:acacia_log":19,"minecraft:grass_block":4,"minecraft:sand":4,"minecraft:dirt":5,"iceandfire:fire_lily":1,"minecraft:tall_grass":4},"minecraft:used":{"minecraft:wooden_axe":25,"minecraft:dirt":9,"minecraft:beef":5,"minecraft:crafting_table":1,"iceandfire:fire_lily":1},"minecraft:killed":{"minecraft:sheep":2,"duneons:babykeygold":1,"minecraft:cow":2},"minecraft:crafted":{"minecraft:crafting_table":1,"minecraft:stick":4,"minecraft:wooden_axe":1,"minecraft:acacia_planks":12}},"DataVersion":2586}