{
  "minecraft:recipes/food/cooked_mutton_from_campfire_cooking": {
    "criteria": {
      "has_mutton": "2024-10-20 11:58:08 +0000"
    },
    "done": true
  },
  "minecraft:recipes/building_blocks/brick_stairs_from_bricks_stonecutting": {
    "criteria": {
      "has_bricks": "2024-10-20 12:01:41 +0000"
    },
    "done": true
  },
  "minecraft:recipes/building_blocks/purple_wool": {
    "criteria": {
      "has_white_wool": "2024-10-20 11:58:09 +0000"
    },
    "done": true
  },
  "illagers_plus:root": {
    "criteria": {
      "crafting_table": "2024-10-20 11:57:32 +0000"
    },
    "done": true
  },
  "minecraft:recipes/tools/wooden_axe": {
    "criteria": {
      "has_stick": "2024-10-20 11:57:44 +0000"
    },
    "done": true
  },
  "minecraft:recipes/building_blocks/lime_wool": {
    "criteria": {
      "has_white_wool": "2024-10-20 11:58:09 +0000"
    },
    "done": true
  },
  "spartanweaponry:recipes/spartanweaponry.basic/handle_from_wool": {
    "criteria": {
      "has_stick": "2024-10-20 11:57:44 +0000"
    },
    "done": true
  },
  "minecraft:recipes/redstone/acacia_button": {
    "criteria": {
      "has_planks": "2024-10-20 11:57:29 +0000"
    },
    "done": true
  },
  "betterendforge:recipes/betterendforge/thallasium_shovel_smithing": {
    "criteria": {
      "has_stick": "2024-10-20 11:57:44 +0000"
    },
    "done": true
  },
  "minecraft:recipes/decorations/brick_wall": {
    "criteria": {
      "has_bricks": "2024-10-20 12:01:41 +0000"
    },
    "done": true
  },
  "minecraft:recipes/building_blocks/black_wool": {
    "criteria": {
      "has_white_wool": "2024-10-20 11:58:09 +0000"
    },
    "done": true
  },
  "minecraft:recipes/decorations/white_bed": {
    "criteria": {
      "has_white_wool": "2024-10-20 11:58:09 +0000"
    },
    "done": true
  },
  "minecraft:recipes/building_blocks/green_wool": {
    "criteria": {
      "has_white_wool": "2024-10-20 11:58:09 +0000"
    },
    "done": true
  },
  "minecraft:recipes/redstone/acacia_pressure_plate": {
    "criteria": {
      "has_planks": "2024-10-20 11:57:29 +0000"
    },
    "done": true
  },
  "spartanweaponry:recipes/spartanweaponry.basic/rapier_wood": {
    "criteria": {
      "has_wood": "2024-10-20 11:57:29 +0000"
    },
    "done": true
  },
  "minecraft:recipes/combat/leather_helmet": {
    "criteria": {
      "has_leather": "2024-10-20 11:58:38 +0000"
    },
    "done": true
  },
  "minecraft:recipes/building_blocks/brown_wool": {
    "criteria": {
      "has_white_wool": "2024-10-20 11:58:09 +0000"
    },
    "done": true
  },
  "spartanweaponry:recipes/spartanweaponry.basic/javelin_wood": {
    "criteria": {
      "has_wood": "2024-10-20 11:57:29 +0000"
    },
    "done": true
  },
  "minecraft:recipes/decorations/crafting_table": {
    "criteria": {
      "has_planks": "2024-10-20 11:57:29 +0000"
    },
    "done": true
  },
  "minecraft:recipes/building_blocks/magenta_wool": {
    "criteria": {
      "has_white_wool": "2024-10-20 11:58:09 +0000"
    },
    "done": true
  },
  "minecraft:recipes/decorations/campfire": {
    "criteria": {
      "has_stick": "2024-10-20 11:57:44 +0000"
    },
    "done": true
  },
  "spartanweaponry:recipes/spartanweaponry.basic/glaive_wood": {
    "criteria": {
      "has_wood": "2024-10-20 11:57:29 +0000"
    },
    "done": true
  },
  "minecraft:recipes/decorations/ladder": {
    "criteria": {
      "has_stick": "2024-10-20 11:57:44 +0000"
    },
    "done": true
  },
  "iceandfire:iceandfire/root": {
    "criteria": {
      "tick": "2024-10-20 11:56:08 +0000"
    },
    "done": true
  },
  "minecraft:recipes/decorations/chest": {
    "criteria": {
      "has_lots_of_items": "2024-10-20 11:58:38 +0000"
    },
    "done": true
  },
  "minecraft:recipes/decorations/painting": {
    "criteria": {
      "has_wool": "2024-10-20 11:58:09 +0000"
    },
    "done": true
  },
  "minecraft:recipes/tools/wooden_shovel": {
    "criteria": {
      "has_stick": "2024-10-20 11:57:44 +0000"
    },
    "done": true
  },
  "spartanweaponry:recipes/spartanweaponry.basic/halberd_wood": {
    "criteria": {
      "has_wood": "2024-10-20 11:57:29 +0000"
    },
    "done": true
  },
  "betterendforge:recipes/betterendforge/thallasium_pickaxe_smithing": {
    "criteria": {
      "has_stick": "2024-10-20 11:57:44 +0000"
    },
    "done": true
  },
  "minecraft:recipes/building_blocks/cyan_wool": {
    "criteria": {
      "has_white_wool": "2024-10-20 11:58:09 +0000"
    },
    "done": true
  },
  "minecraft:recipes/building_blocks/acacia_wood": {
    "criteria": {
      "has_log": "2024-10-20 11:57:22 +0000"
    },
    "done": true
  },
  "betterendforge:recipes/betterendforge/terminite_hammer_smithing": {
    "criteria": {
      "has_stick": "2024-10-20 11:57:44 +0000"
    },
    "done": true
  },
  "minecraft:recipes/misc/stick": {
    "criteria": {
      "has_planks": "2024-10-20 11:57:29 +0000"
    },
    "done": true
  },
  "minecraft:recipes/redstone/acacia_fence_gate": {
    "criteria": {
      "has_planks": "2024-10-20 11:57:29 +0000"
    },
    "done": true
  },
  "mowziesmobs:root": {
    "criteria": {
      "custom_test_name": "2024-10-20 11:56:08 +0000"
    },
    "done": true
  },
  "minecraft:recipes/transportation/spruce_boat": {
    "criteria": {
      "in_water": "2024-10-20 11:59:02 +0000"
    },
    "done": true
  },
  "aquaculture:recipes/tools/wooden_fillet_knife": {
    "criteria": {
      "has_items": "2024-10-20 11:57:44 +0000"
    },
    "done": true
  },
  "minecraft:recipes/building_blocks/light_blue_wool": {
    "criteria": {
      "has_white_wool": "2024-10-20 11:58:09 +0000"
    },
    "done": true
  },
  "minecraft:recipes/combat/wooden_sword": {
    "criteria": {
      "has_stick": "2024-10-20 11:57:44 +0000"
    },
    "done": true
  },
  "spartanweaponry:recipes/spartanweaponry.basic/saber_wood": {
    "criteria": {
      "has_wood": "2024-10-20 11:57:29 +0000"
    },
    "done": true
  },
  "spartanweaponry:recipes/spartanweaponry.basic/parrying_dagger_wood": {
    "criteria": {
      "has_wood": "2024-10-20 11:57:29 +0000"
    },
    "done": true
  },
  "spartanweaponry:recipes/spartanweaponry.basic/pole_from_leather": {
    "criteria": {
      "has_stick": "2024-10-20 11:57:44 +0000"
    },
    "done": true
  },
  "minecraft:recipes/building_blocks/gray_wool": {
    "criteria": {
      "has_white_wool": "2024-10-20 11:58:09 +0000"
    },
    "done": true
  },
  "spartanweaponry:recipes/spartanweaponry.basic/cestus": {
    "criteria": {
      "has_wool": "2024-10-20 11:58:09 +0000"
    },
    "done": true
  },
  "minecraft:husbandry/balanced_diet": {
    "criteria": {
      "beef": "2024-10-20 12:00:41 +0000"
    },
    "done": false
  },
  "betterendforge:recipes/betterendforge/terminite_shovel_smithing": {
    "criteria": {
      "has_stick": "2024-10-20 11:57:44 +0000"
    },
    "done": true
  },
  "minecraft:recipes/tools/wooden_hoe": {
    "criteria": {
      "has_stick": "2024-10-20 11:57:44 +0000"
    },
    "done": true
  },
  "minecraft:recipes/redstone/acacia_trapdoor": {
    "criteria": {
      "has_planks": "2024-10-20 11:57:29 +0000"
    },
    "done": true
  },
  "spartanweaponry:recipes/spartanweaponry.basic/battleaxe_wood": {
    "criteria": {
      "has_wood": "2024-10-20 11:57:29 +0000"
    },
    "done": true
  },
  "minecraft:recipes/building_blocks/brick_slab_from_bricks_stonecutting": {
    "criteria": {
      "has_bricks": "2024-10-20 12:01:41 +0000"
    },
    "done": true
  },
  "usefulbackpacks:recipes/filter_configurator": {
    "criteria": {
      "has_wool": "2024-10-20 11:58:09 +0000"
    },
    "done": true
  },
  "betterendforge:recipes/betterendforge/terminite_axe_smithing": {
    "criteria": {
      "has_stick": "2024-10-20 11:57:44 +0000"
    },
    "done": true
  },
  "paraglider:recipes/paraglider/paraglider": {
    "criteria": {
      "has_stick": "2024-10-20 11:57:44 +0000"
    },
    "done": true
  },
  "minecraft:story/root": {
    "criteria": {
      "crafting_table": "2024-10-20 11:57:32 +0000"
    },
    "done": true
  },
  "minecraft:recipes/decorations/white_banner": {
    "criteria": {
      "has_white_wool": "2024-10-20 11:58:09 +0000"
    },
    "done": true
  },
  "minecraft:recipes/combat/crossbow": {
    "criteria": {
      "has_stick": "2024-10-20 11:57:44 +0000"
    },
    "done": true
  },
  "spartanweaponry:recipes/spartanweaponry.basic/pole_from_wool": {
    "criteria": {
      "has_stick": "2024-10-20 11:57:44 +0000"
    },
    "done": true
  },
  "spartanweaponry:recipes/spartanweaponry.basic/throwing_knife_wood": {
    "criteria": {
      "has_wood": "2024-10-20 11:57:29 +0000"
    },
    "done": true
  },
  "minecraft:recipes/building_blocks/yellow_wool": {
    "criteria": {
      "has_white_wool": "2024-10-20 11:58:09 +0000"
    },
    "done": true
  },
  "inventorypets:root": {
    "criteria": {
      "auto": "2024-10-20 11:56:08 +0000"
    },
    "done": true
  },
  "spartanweaponry:recipes/spartanweaponry.basic/flanged_mace_wood": {
    "criteria": {
      "has_wood": "2024-10-20 11:57:29 +0000"
    },
    "done": true
  },
  "spartanweaponry:recipes/spartanweaponry.basic/katana_wood": {
    "criteria": {
      "has_wood": "2024-10-20 11:57:29 +0000"
    },
    "done": true
  },
  "corail_recycler:recipes/recycler": {
    "criteria": {
      "requirement_1": "2024-10-20 11:57:29 +0000"
    },
    "done": false
  },
  "spartanweaponry:recipes/spartanweaponry.basic/scythe_wood": {
    "criteria": {
      "has_wood": "2024-10-20 11:57:29 +0000"
    },
    "done": true
  },
  "minecraft:recipes/misc/leather_horse_armor": {
    "criteria": {
      "has_leather": "2024-10-20 11:58:38 +0000"
    },
    "done": true
  },
  "minecraft:recipes/combat/leather_leggings": {
    "criteria": {
      "has_leather": "2024-10-20 11:58:38 +0000"
    },
    "done": true
  },
  "minecraft:recipes/building_blocks/acacia_slab": {
    "criteria": {
      "has_planks": "2024-10-20 11:57:29 +0000"
    },
    "done": true
  },
  "minecraft:recipes/combat/leather_chestplate": {
    "criteria": {
      "has_leather": "2024-10-20 11:58:38 +0000"
    },
    "done": true
  },
  "minecraft:recipes/building_blocks/acacia_planks": {
    "criteria": {
      "has_log": "2024-10-20 11:57:22 +0000"
    },
    "done": true
  },
  "minecraft:recipes/decorations/acacia_fence": {
    "criteria": {
      "has_planks": "2024-10-20 11:57:29 +0000"
    },
    "done": true
  },
  "spartanweaponry:recipes/spartanweaponry.basic/tomahawk_wood": {
    "criteria": {
      "has_wood": "2024-10-20 11:57:29 +0000"
    },
    "done": true
  },
  "spartanweaponry:recipes/spartanweaponry.basic/greatsword_wood": {
    "criteria": {
      "has_wood": "2024-10-20 11:57:29 +0000"
    },
    "done": true
  },
  "betterendforge:recipes/betterendforge/thallasium_sword_handle_smithing": {
    "criteria": {
      "has_stick": "2024-10-20 11:57:44 +0000"
    },
    "done": true
  },
  "betterendforge:recipes/betterendforge/thallasium_axe_smithing": {
    "criteria": {
      "has_stick": "2024-10-20 11:57:44 +0000"
    },
    "done": true
  },
  "spartanweaponry:recipes/spartanweaponry.basic/heavy_crossbow_leather": {
    "criteria": {
      "has_leather": "2024-10-20 11:58:38 +0000"
    },
    "done": true
  },
  "betterendforge:recipes/betterendforge/thallasium_hoe_smithing": {
    "criteria": {
      "has_stick": "2024-10-20 11:57:44 +0000"
    },
    "done": true
  },
  "minecraft:recipes/building_blocks/brick_stairs": {
    "criteria": {
      "has_brick_block": "2024-10-20 12:01:41 +0000"
    },
    "done": true
  },
  "minecraft:recipes/building_blocks/blue_wool": {
    "criteria": {
      "has_white_wool": "2024-10-20 11:58:09 +0000"
    },
    "done": true
  },
  "spartanweaponry:recipes/spartanweaponry.basic/dagger_wood": {
    "criteria": {
      "has_wood": "2024-10-20 11:57:29 +0000"
    },
    "done": true
  },
  "betterendforge:recipes/betterendforge/terminite_pickaxe_smithing": {
    "criteria": {
      "has_stick": "2024-10-20 11:57:44 +0000"
    },
    "done": true
  },
  "betterendforge:recipes/betterendforge/leather_to_stripes": {
    "criteria": {
      "has_leather": "2024-10-20 11:58:38 +0000"
    },
    "done": true
  },
  "minecraft:recipes/food/cooked_beef": {
    "criteria": {
      "has_beef": "2024-10-20 11:58:38 +0000"
    },
    "done": true
  },
  "minecraft:adventure/adventuring_time": {
    "criteria": {
      "minecraft:forest": "2024-10-20 11:43:00 +0000",
      "minecraft:desert_hills": "2024-10-20 11:59:58 +0000",
      "minecraft:desert": "2024-10-20 11:59:25 +0000",
      "minecraft:river": "2024-10-20 11:43:31 +0000",
      "minecraft:savanna": "2024-10-20 11:43:35 +0000",
      "minecraft:plains": "2024-10-20 11:42:33 +0000"
    },
    "done": false
  },
  "minecraft:recipes/misc/charcoal": {
    "criteria": {
      "has_log": "2024-10-20 11:57:22 +0000"
    },
    "done": true
  },
  "spartanweaponry:recipes/spartanweaponry.basic/club_wood": {
    "criteria": {
      "has_wood_log": "2024-10-20 11:57:22 +0000"
    },
    "done": true
  },
  "minecraft:recipes/building_blocks/orange_wool": {
    "criteria": {
      "has_white_wool": "2024-10-20 11:58:09 +0000"
    },
    "done": true
  },
  "spartanweaponry:recipes/spartanweaponry.basic/boomerang_wood": {
    "criteria": {
      "has_wood": "2024-10-20 11:57:29 +0000"
    },
    "done": true
  },
  "minecraft:recipes/tools/wooden_pickaxe": {
    "criteria": {
      "has_stick": "2024-10-20 11:57:44 +0000"
    },
    "done": true
  },
  "spartanweaponry:recipes/spartanweaponry.basic/quarterstaff_wood": {
    "criteria": {
      "has_wood": "2024-10-20 11:57:29 +0000"
    },
    "done": true
  },
  "minecraft:husbandry/root": {
    "criteria": {
      "consumed_item": "2024-10-20 12:00:41 +0000"
    },
    "done": true
  },
  "spartanweaponry:recipes/spartanweaponry.basic/longbow_leather": {
    "criteria": {
      "has_leather": "2024-10-20 11:58:38 +0000"
    },
    "done": true
  },
  "minecraft:recipes/transportation/birch_boat": {
    "criteria": {
      "in_water": "2024-10-20 11:59:02 +0000"
    },
    "done": true
  },
  "spartanweaponry:recipes/spartanweaponry.basic/spear_wood": {
    "criteria": {
      "has_wood": "2024-10-20 11:57:29 +0000"
    },
    "done": true
  },
  "betterendforge:recipes/betterendforge/terminite_hoe_smithing": {
    "criteria": {
      "has_stick": "2024-10-20 11:57:44 +0000"
    },
    "done": true
  },
  "corail_recycler:tutorial/root": {
    "criteria": {
      "auto": "2024-10-20 11:56:08 +0000"
    },
    "done": true
  },
  "spartanweaponry:recipes/spartanweaponry.basic/longbow_wood": {
    "criteria": {
      "has_wood": "2024-10-20 11:57:29 +0000"
    },
    "done": true
  },
  "minecraft:recipes/decorations/barrel": {
    "criteria": {
      "has_planks": "2024-10-20 11:57:29 +0000"
    },
    "done": true
  },
  "minecraft:recipes/transportation/acacia_boat": {
    "criteria": {
      "in_water": "2024-10-20 11:59:02 +0000"
    },
    "done": true
  },
  "minecraft:recipes/redstone/acacia_door": {
    "criteria": {
      "has_planks": "2024-10-20 11:57:29 +0000"
    },
    "done": true
  },
  "spartanweaponry:recipes/spartanweaponry.basic/handle_from_leather": {
    "criteria": {
      "has_stick": "2024-10-20 11:57:44 +0000"
    },
    "done": true
  },
  "minecraft:adventure/root": {
    "criteria": {
      "killed_something": "2024-10-20 11:58:08 +0000"
    },
    "done": true
  },
  "minecraft:recipes/combat/leather_boots": {
    "criteria": {
      "has_leather": "2024-10-20 11:58:38 +0000"
    },
    "done": true
  },
  "minecraft:recipes/transportation/jungle_boat": {
    "criteria": {
      "in_water": "2024-10-20 11:59:02 +0000"
    },
    "done": true
  },
  "minecraft:recipes/decorations/item_frame": {
    "criteria": {
      "has_leather": "2024-10-20 11:58:38 +0000"
    },
    "done": true
  },
  "spartanweaponry:recipes/spartanweaponry.basic/hammer_wood": {
    "criteria": {
      "has_wood": "2024-10-20 11:57:29 +0000"
    },
    "done": true
  },
  "minecraft:recipes/transportation/dark_oak_boat": {
    "criteria": {
      "in_water": "2024-10-20 11:59:02 +0000"
    },
    "done": true
  },
  "minecraft:recipes/building_blocks/pink_wool": {
    "criteria": {
      "has_white_wool": "2024-10-20 11:58:09 +0000"
    },
    "done": true
  },
  "usefulbackpacks:recipes/backpack_small": {
    "criteria": {
      "has_wool": "2024-10-20 11:58:09 +0000"
    },
    "done": true
  },
  "spartanweaponry:recipes/spartanweaponry.basic/longsword_wood": {
    "criteria": {
      "has_wood": "2024-10-20 11:57:29 +0000"
    },
    "done": true
  },
  "minecraft:recipes/decorations/acacia_sign": {
    "criteria": {
      "has_acacia_planks": "2024-10-20 11:57:29 +0000"
    },
    "done": true
  },
  "dungeons_arise:wda_root": {
    "criteria": {
      "WDA": "2024-10-20 11:56:08 +0000"
    },
    "done": true
  },
  "spartanweaponry:recipes/spartanweaponry.basic/pike_wood": {
    "criteria": {
      "has_wood": "2024-10-20 11:57:29 +0000"
    },
    "done": true
  },
  "minecraft:recipes/building_blocks/brick_slab": {
    "criteria": {
      "has_brick_block": "2024-10-20 12:01:41 +0000"
    },
    "done": true
  },
  "minecraft:recipes/food/cooked_beef_from_smoking": {
    "criteria": {
      "has_beef": "2024-10-20 11:58:38 +0000"
    },
    "done": true
  },
  "minecraft:recipes/decorations/white_carpet": {
    "criteria": {
      "has_white_wool": "2024-10-20 11:58:09 +0000"
    },
    "done": true
  },
  "minecraft:recipes/food/cooked_mutton_from_smoking": {
    "criteria": {
      "has_mutton": "2024-10-20 11:58:08 +0000"
    },
    "done": true
  },
  "spartanweaponry:recipes/spartanweaponry.basic/pole_from_string": {
    "criteria": {
      "has_stick": "2024-10-20 11:57:44 +0000"
    },
    "done": true
  },
  "minecraft:recipes/decorations/brick_wall_from_bricks_stonecutting": {
    "criteria": {
      "has_bricks": "2024-10-20 12:01:41 +0000"
    },
    "done": true
  },
  "minecraft:recipes/food/cooked_beef_from_campfire_cooking": {
    "criteria": {
      "has_beef": "2024-10-20 11:58:38 +0000"
    },
    "done": true
  },
  "minecraft:recipes/building_blocks/light_gray_wool": {
    "criteria": {
      "has_white_wool": "2024-10-20 11:58:09 +0000"
    },
    "done": true
  },
  "minecraft:recipes/building_blocks/red_wool": {
    "criteria": {
      "has_white_wool": "2024-10-20 11:58:09 +0000"
    },
    "done": true
  },
  "minecraft:recipes/building_blocks/acacia_stairs": {
    "criteria": {
      "has_planks": "2024-10-20 11:57:29 +0000"
    },
    "done": true
  },
  "minecraft:recipes/transportation/oak_boat": {
    "criteria": {
      "in_water": "2024-10-20 11:59:02 +0000"
    },
    "done": true
  },
  "minecraft:recipes/decorations/soul_campfire": {
    "criteria": {
      "has_stick": "2024-10-20 11:57:44 +0000"
    },
    "done": true
  },
  "spartanweaponry:recipes/spartanweaponry.basic/lance_wood": {
    "criteria": {
      "has_wood": "2024-10-20 11:57:29 +0000"
    },
    "done": true
  },
  "paraglider:root": {
    "criteria": {
      "crafting_table": "2024-10-20 11:57:32 +0000"
    },
    "done": true
  },
  "spartanweaponry:recipes/spartanweaponry.basic/warhammer_wood": {
    "criteria": {
      "has_wood": "2024-10-20 11:57:29 +0000"
    },
    "done": true
  },
  "spartanweaponry:recipes/spartanweaponry.basic/handle_from_string": {
    "criteria": {
      "has_stick": "2024-10-20 11:57:44 +0000"
    },
    "done": true
  },
  "minecraft:recipes/food/cooked_mutton": {
    "criteria": {
      "has_mutton": "2024-10-20 11:58:08 +0000"
    },
    "done": true
  },
  "betterendforge:recipes/betterendforge/terminite_sword_handle_smithing": {
    "criteria": {
      "has_stick": "2024-10-20 11:57:44 +0000"
    },
    "done": true
  },
  "spartanweaponry:recipes/spartanweaponry.basic/heavy_crossbow_wood": {
    "criteria": {
      "has_wood": "2024-10-20 11:57:29 +0000"
    },
    "done": true
  },
  "betterendforge:recipes/betterendforge/thallasium_hammer_smithing": {
    "criteria": {
      "has_stick": "2024-10-20 11:57:44 +0000"
    },
    "done": true
  },
  "repurposed_structures:root": {
    "criteria": {
      "always": "2024-10-20 11:56:08 +0000"
    },
    "done": true
  },
  "DataVersion": 2586
}