{
  "dungeons_arise:wda_root": {
    "criteria": {
      "WDA": "2024-10-20 11:56:08 +0000"
    },
    "done": true
  },
  "iceandfire:iceandfire/root": {
    "criteria": {
      "tick": "2024-10-20 11:56:08 +0000"
    },
    "done": true
  },
  "inventorypets:root": {
    "criteria": {
      "auto": "2024-10-20 11:56:08 +0000"
    },
    "done": true
  },
  "mowziesmobs:root": {
    "criteria": {
      "custom_test_name": "2024-10-20 11:56:08 +0000"
    },
    "done": true
  },
  "corail_recycler:tutorial/root": {
    "criteria": {
      "auto": "2024-10-20 11:56:08 +0000"
    },
    "done": true
  },
  "minecraft:adventure/adventuring_time": {
    "criteria": {
      "minecraft:forest": "2024-10-20 11:43:00 +0000",
      "minecraft:river": "2024-10-20 11:43:31 +0000",
      "minecraft:savanna": "2024-10-20 11:43:35 +0000",
      "minecraft:plains": "2024-10-20 11:42:33 +0000"
    },
    "done": false
  },
  "repurposed_structures:root": {
    "criteria": {
      "always": "2024-10-20 11:56:08 +0000"
    },
    "done": true
  },
  "DataVersion": 2586
}